"day","Cancel/Total"
"1",0.0329096805986912
"2",0.0484460027237692
"3",0.0490459901002142
"4",0.0440944114596747
"5",0.038270177761648
"6",0.0315406648865013
"7",0.0263653829007906
