"day","Cancel/Total"
"1",0.0120281618457884
"2",0.0156465929970756
"3",0.014907728742841
"4",0.0162612733924947
"5",0.0110993186582809
"6",0.00893003527190957
"7",0.00748272791136335
