"day","Cancel/Total"
"1",0.0339555124778492
"2",0.038317402786698
"3",0.035292888071682
"4",0.033799775522155
"5",0.0329727497231356
"6",0.0314338652244847
"7",0.0260233955105912
